date,path_1,path_1_count,path_1_uniques,path_2,path_2_count,path_2_uniques,path_3,path_3_count,path_3_uniques,path_4,path_4_count,path_4_uniques,path_5,path_5_count,path_5_uniques,path_6,path_6_count,path_6_uniques,path_7,path_7_count,path_7_uniques,path_8,path_8_count,path_8_uniques,path_9,path_9_count,path_9_uniques,path_10,path_10_count,path_10_uniques
2026-04-17,/Joongeun/badminton-shuttle-launcher,4,4,,,,,,,,,,,,,,,,,,,,,,,,,,,
2026-04-18,/Joongeun/badminton-shuttle-launcher,4,4,,,,,,,,,,,,,,,,,,,,,,,,,,,
2026-04-18,/Joongeun/badminton-shuttle-launcher,3,3,/Joongeun/Badminton-Shuttle-Launcher,1,1,,,,,,,,,,,,,,,,,,,,,,,,
2026-04-20,/Joongeun/Badminton-Shuttle-Launcher,1,1,/Joongeun/badminton-shuttle-launcher,1,1,,,,,,,,,,,,,,,,,,,,,,,,
2026-04-21,/Joongeun/Badminton-Shuttle-Launcher,1,1,/Joongeun/badminton-shuttle-launcher,1,1,,,,,,,,,,,,,,,,,,,,,,,,
2026-04-21,/Joongeun/Badminton-Shuttle-Launcher,1,1,/Joongeun/badminton-shuttle-launcher,1,1,,,,,,,,,,,,,,,,,,,,,,,,
2026-04-23,/Joongeun/Badminton-Shuttle-Launcher,1,1,/Joongeun/badminton-shuttle-launcher,1,1,,,,,,,,,,,,,,,,,,,,,,,,
2026-04-24,/Joongeun/Badminton-Shuttle-Launcher,1,1,/Joongeun/badminton-shuttle-launcher,1,1,,,,,,,,,,,,,,,,,,,,,,,,
2026-04-25,/Joongeun/Badminton-Shuttle-Launcher,2,2,/Joongeun/badminton-shuttle-launcher,1,1,,,,,,,,,,,,,,,,,,,,,,,,
2026-04-26,/Joongeun/Badminton-Shuttle-Launcher,2,2,/Joongeun/badminton-shuttle-launcher,1,1,,,,,,,,,,,,,,,,,,,,,,,,
2026-04-27,/Joongeun/Badminton-Shuttle-Launcher,2,2,/Joongeun/badminton-shuttle-launcher,1,1,,,,,,,,,,,,,,,,,,,,,,,,
2026-04-28,/Joongeun/Badminton-Shuttle-Launcher,2,2,/Joongeun/badminton-shuttle-launcher,1,1,,,,,,,,,,,,,,,,,,,,,,,,
2026-04-29,/Joongeun/Badminton-Shuttle-Launcher,2,2,/Joongeun/badminton-shuttle-launcher,1,1,,,,,,,,,,,,,,,,,,,,,,,,
2026-04-30,/Joongeun/Badminton-Shuttle-Launcher,2,2,/Joongeun/badminton-shuttle-launcher,1,1,,,,,,,,,,,,,,,,,,,,,,,,
2026-05-01,/Joongeun/Badminton-Shuttle-Launcher,2,2,,,,,,,,,,,,,,,,,,,,,,,,,,,
2026-05-02,/Joongeun/Badminton-Shuttle-Launcher,2,2,,,,,,,,,,,,,,,,,,,,,,,,,,,
2026-05-03,/Joongeun/Badminton-Shuttle-Launcher,1,1,,,,,,,,,,,,,,,,,,,,,,,,,,,
2026-05-04,/Joongeun/Badminton-Shuttle-Launcher,1,1,,,,,,,,,,,,,,,,,,,,,,,,,,,
